{"cameraMode":{"drawMode":0,"name":"Shaded","section":"Shading Mode"},"sceneLighting":true,"audioPlay":false,"sceneViewState":{"showFog":false,"showMaterialUpdate":false,"showSkybox":false,"showFlares":false,"showImageEffects":false,"showParticleSystems":false},"in2DMode":false,"pivot":{"x":-15.067612648010254,"y":-12.987472534179688,"z":-0.34982091188430788},"rotation":{"x":0.2307431697845459,"y":-0.6748688220977783,"z":0.23592884838581086,"w":0.6600424647331238},"size":14.856369972229004,"orthographic":false}